{
  "Blogs": [
    {
      "id": 1,
      "title": "همه چیز درباره تولید محتوا وبسایت، معرفی ۶ اصل مهم",
      "cover": "/content_creator.png",
      "description": "تولید محتوا یکی از مهم‌ترین بخش‌های دیجیتال مارکتینگ است. در این مقاله، ۶ اصل مهم برای تولید محتوای مؤثر را بررسی می‌کنیم. اولین اصل، شناخت مخاطب است. شما باید بدانید که مخاطبان شما چه کسانی هستند و چه نیازهایی دارند. دومین اصل، انتخاب موضوعات جذاب و مرتبط است. موضوعات باید به‌روز و مورد علاقه مخاطبان باشند. سومین اصل، استفاده از کلمات کلیدی مناسب است. کلمات کلیدی به بهبود سئو و جذب ترافیک بیشتر کمک می‌کنند. چهارمین اصل، تولید محتوای با کیفیت است. محتوای شما باید ارزش واقعی به مخاطب ارائه دهد. پنجمین اصل، استفاده از تصاویر و ویدیوها است. محتوای بصری تأثیر بیشتری بر مخاطب می‌گذارد. ششمین اصل، توزیع و تبلیغ محتوا است. شما باید محتوای خود را در پلتفرم‌های مختلف به اشتراک بگذارید تا به دست مخاطبان بیشتری برسد.",
      "author": "بهراد هاشمی",
      "date": "2024/01/16",
      "tags": ["تولید محتوا", "دیجیتال مارکتینگ", "وبسایت"],
      "category": "دیجیتال مارکتینگ",
      "views": 1200
    },
    {
      "id": 2,
      "title": "آپدیت جدید اینستاگرام منتشر شد: معرفی قابلیت‌های جدید",
      "cover": "/instagram_admin.png",
      "description": "اینستاگرام به‌تازگی آپدیت جدیدی را منتشر کرده است که شامل قابلیت‌های جذاب و کاربردی می‌شود. یکی از این قابلیت‌ها، امکان ذخیره پست‌ها در مجموعه‌های شخصی است. کاربران می‌توانند پست‌های مورد علاقه خود را در مجموعه‌های مختلف ذخیره کنند و به راحتی به آن‌ها دسترسی داشته باشند. قابلیت دیگر، بهبود سیستم جستجو است. اینستاگرام اکنون می‌تواند پست‌ها، ویدیوها و حتی صداها را بر اساس کلمات کلیدی جستجو کند. همچنین، قابلیت جدیدی به نام «حالت تاریک» اضافه شده است که باعث کاهش فشار چشم در محیط‌های کم‌نور می‌شود. این آپدیت همچنین شامل بهبودهایی در عملکرد و امنیت برنامه است. در این مقاله، به بررسی کامل این قابلیت‌ها و نحوه استفاده از آن‌ها می‌پردازیم.",
      "author": "محمدصادق هاشمیان",
      "date": "2024/01/16",
      "tags": ["اینستاگرام", "شبکه‌های اجتماعی", "آپدیت"],
      "category": "شبکه‌های اجتماعی",
      "views": 950
    },
    {
      "id": 3,
      "title": "هر رنگ نشانه چیست؟ چطور باید انتخاب رنگ مناسبی داشته باشیم؟",
      "cover": "/color_chioce.png",
      "description": "انتخاب رنگ مناسب برای برند یا وبسایت شما می‌تواند تأثیر زیادی بر مخاطبان بگذارد. هر رنگ نماد و معنای خاصی دارد که می‌تواند احساسات و رفتار مخاطبان را تحت تأثیر قرار دهد. به عنوان مثال، رنگ قرمز نماد انرژی، اشتیاق و خطر است. این رنگ معمولاً برای جلب توجه و ایجاد حس فوریت استفاده می‌شود. رنگ آبی نماد اعتماد، آرامش و حرفه‌ای‌گرایی است و اغلب در برندهای مالی و فناوری دیده می‌شود. رنگ سبز نماد طبیعت، رشد و سلامتی است و برای برندهای مرتبط با محیط زیست و سلامتی مناسب است. در این مقاله، به بررسی معنای رنگ‌های مختلف و نحوه انتخاب رنگ مناسب برای برند یا وبسایت خود می‌پردازیم. همچنین، نکاتی برای ترکیب رنگ‌ها و ایجاد هارمونی در طراحی ارائه می‌دهیم.",
      "author": "متین جعفری",
      "date": "2024/01/16",
      "tags": ["رنگ‌ها", "برندینگ", "طراحی"],
      "category": "طراحی",
      "views": 800
    },
    {
      "id": 4,
      "title": "تدوین آسان‌تر ویدیوها با کمک AI",
      "cover": "/video_details.png",
      "description": "با پیشرفت فناوری هوش مصنوعی، تدوین ویدیوها آسان‌تر و سریع‌تر شده است. ابزارهای مبتنی بر AI می‌توانند به صورت خودکار ویدیوها را ویرایش کنند، صحنه‌های اضافی را حذف کنند و حتی موسیقی مناسب به ویدیو اضافه کنند. یکی از این ابزارها، نرم‌افزار Adobe Premiere Pro است که از قابلیت‌های AI برای بهبود فرآیند تدوین استفاده می‌کند. ابزار دیگر، Runway ML است که به کاربران امکان می‌دهد با استفاده از الگوریتم‌های هوش مصنوعی، افکت‌های ویژه و انیمیشن‌های جذاب ایجاد کنند. در این مقاله، به معرفی بهترین ابزارهای AI برای تدوین ویدیو و نحوه استفاده از آن‌ها می‌پردازیم. همچنین، مزایا و معایب استفاده از AI در تدوین ویدیو را بررسی می‌کنیم.",
      "author": "پدرام زمانی نژاد",
      "date": "2024/01/18",
      "tags": ["هوش مصنوعی", "ویدیو", "تدوین"],
      "category": "فناوری",
      "views": 1100
    }
  ]
}
